{"cameraMode":{"drawMode":0,"name":"Shaded","section":"Shading Mode"},"sceneLighting":true,"audioPlay":false,"sceneViewState":{"showFog":true,"showMaterialUpdate":false,"showSkybox":true,"showFlares":true,"showImageEffects":true,"showParticleSystems":true},"in2DMode":false,"pivot":{"x":-10.754413604736329,"y":-1.8862485885620118,"z":13.237078666687012},"rotation":{"x":0.1758946180343628,"y":-0.5519354343414307,"z":0.12042215466499329,"w":0.806210994720459},"size":40.82056427001953,"orthographic":false}